-- phpMyAdmin SQL Dump
-- version 5.2.1
-- https://www.phpmyadmin.net/
--
-- Host: 127.0.0.1
-- Generation Time: Dec 16, 2023 at 10:31 AM
-- Server version: 10.4.28-MariaDB
-- PHP Version: 8.1.17

SET SQL_MODE = "NO_AUTO_VALUE_ON_ZERO";
START TRANSACTION;
SET time_zone = "+00:00";


/*!40101 SET @OLD_CHARACTER_SET_CLIENT=@@CHARACTER_SET_CLIENT */;
/*!40101 SET @OLD_CHARACTER_SET_RESULTS=@@CHARACTER_SET_RESULTS */;
/*!40101 SET @OLD_COLLATION_CONNECTION=@@COLLATION_CONNECTION */;
/*!40101 SET NAMES utf8mb4 */;

--
-- Database: `mahasiswa`
--

-- --------------------------------------------------------

--
-- Table structure for table `failed_jobs`
--

CREATE TABLE `failed_jobs` (
  `id` bigint(20) UNSIGNED NOT NULL,
  `uuid` varchar(255) NOT NULL,
  `connection` text NOT NULL,
  `queue` text NOT NULL,
  `payload` longtext NOT NULL,
  `exception` longtext NOT NULL,
  `failed_at` timestamp NOT NULL DEFAULT current_timestamp()
) ENGINE=InnoDB DEFAULT CHARSET=utf8mb4 COLLATE=utf8mb4_unicode_ci;

-- --------------------------------------------------------

--
-- Table structure for table `kabupaten`
--

CREATE TABLE `kabupaten` (
  `id` bigint(20) UNSIGNED NOT NULL,
  `kabupaten` varchar(255) DEFAULT NULL,
  `provinsi_id` bigint(20) UNSIGNED DEFAULT NULL,
  `created_at` timestamp NULL DEFAULT NULL,
  `updated_at` timestamp NULL DEFAULT NULL
) ENGINE=InnoDB DEFAULT CHARSET=utf8mb4 COLLATE=utf8mb4_unicode_ci;

--
-- Dumping data for table `kabupaten`
--

INSERT INTO `kabupaten` (`id`, `kabupaten`, `provinsi_id`, `created_at`, `updated_at`) VALUES
(1, 'Kabupaten Aceh Barat', 1, '2023-12-16 00:51:41', '2023-12-16 00:51:41'),
(2, 'Kabupaten Aceh Barat Daya', 1, '2023-12-16 00:51:41', '2023-12-16 00:51:41'),
(3, 'Kabupaten Aceh Besar', 1, '2023-12-16 00:51:41', '2023-12-16 00:51:41'),
(4, 'Kabupaten Aceh Jaya', 1, '2023-12-16 00:51:41', '2023-12-16 00:51:41'),
(5, 'Kabupaten Aceh Selatan', 1, '2023-12-16 00:51:41', '2023-12-16 00:51:41'),
(6, 'Kabupaten Aceh Singkil', 1, '2023-12-16 00:51:41', '2023-12-16 00:51:41'),
(7, 'Kabupaten Aceh Tamiang', 1, '2023-12-16 00:51:41', '2023-12-16 00:51:41'),
(8, 'Kabupaten Aceh Tengah', 1, '2023-12-16 00:51:41', '2023-12-16 00:51:41'),
(9, 'Kabupaten Aceh Tenggara', 1, '2023-12-16 00:51:41', '2023-12-16 00:51:41'),
(10, 'Kabupaten Aceh Timur', 1, '2023-12-16 00:51:41', '2023-12-16 00:51:41'),
(11, 'Kabupaten Aceh Utara', 1, '2023-12-16 00:51:41', '2023-12-16 00:51:41'),
(12, 'Kabupaten Bener Meriah', 1, '2023-12-16 00:51:41', '2023-12-16 00:51:41'),
(13, 'Kabupaten Bireuer', 1, '2023-12-16 00:51:41', '2023-12-16 00:51:41'),
(14, 'Kabupaten Gayo Lues', 1, '2023-12-16 00:51:41', '2023-12-16 00:51:41'),
(15, 'Kabupaten Nagan Raya', 1, '2023-12-16 00:51:41', '2023-12-16 00:51:41'),
(16, 'Kabupaten Pidie', 1, '2023-12-16 00:51:41', '2023-12-16 00:51:41'),
(17, 'Kabupaten Pidie Jaya', 1, '2023-12-16 00:51:41', '2023-12-16 00:51:41'),
(18, 'Kabupaten Simeulue', 1, '2023-12-16 00:51:41', '2023-12-16 00:51:41'),
(19, 'Kota Banda Aceh', 1, '2023-12-16 00:51:41', '2023-12-16 00:51:41'),
(20, 'Kota Langsa', 1, '2023-12-16 00:51:41', '2023-12-16 00:51:41'),
(21, 'Kota Lhokseumawe', 1, '2023-12-16 00:51:41', '2023-12-16 00:51:41'),
(22, 'Kota Sabang', 1, '2023-12-16 00:51:41', '2023-12-16 00:51:41'),
(23, 'Kota Subulussalam', 1, '2023-12-16 00:51:41', '2023-12-16 00:51:41'),
(24, 'Kabupaten Asahan', 2, '2023-12-16 00:51:41', '2023-12-16 00:51:41'),
(25, 'Kabupaten Batu Bara', 2, '2023-12-16 00:51:41', '2023-12-16 00:51:41'),
(26, 'Kabupaten Dairi', 2, '2023-12-16 00:51:41', '2023-12-16 00:51:41'),
(27, 'Kabupaten Deli Serdang', 2, '2023-12-16 00:51:41', '2023-12-16 00:51:41'),
(28, 'Kabupaten Humbang Hasundutan', 2, '2023-12-16 00:51:41', '2023-12-16 00:51:41'),
(29, 'Kabupaten Karo', 2, '2023-12-16 00:51:41', '2023-12-16 00:51:41'),
(30, 'Kabupaten Labuhanbatu', 2, '2023-12-16 00:51:41', '2023-12-16 00:51:41'),
(31, 'Kabupaten Labuhanbatu Selatan', 2, '2023-12-16 00:51:41', '2023-12-16 00:51:41'),
(32, 'Kabupaten Labuhanbatu Utara', 2, '2023-12-16 00:51:41', '2023-12-16 00:51:41'),
(33, 'Kabupaten Langkat', 2, '2023-12-16 00:51:41', '2023-12-16 00:51:41'),
(34, 'Kabupaten Mandailing Natal', 2, '2023-12-16 00:51:41', '2023-12-16 00:51:41'),
(35, 'Kabupaten Nias', 2, '2023-12-16 00:51:41', '2023-12-16 00:51:41'),
(36, 'Kabupaten Nias Barat', 2, '2023-12-16 00:51:41', '2023-12-16 00:51:41'),
(37, 'Kabupaten Nias Selatan', 2, '2023-12-16 00:51:41', '2023-12-16 00:51:41'),
(38, 'Kabupaten Nias Utara', 2, '2023-12-16 00:51:41', '2023-12-16 00:51:41'),
(39, 'Kabupaten Padang Lawas', 2, '2023-12-16 00:51:41', '2023-12-16 00:51:41'),
(40, 'Kabupaten Padang Lawas Utara', 2, '2023-12-16 00:51:41', '2023-12-16 00:51:41'),
(41, 'Kabupaten Pakpak Bharat', 2, '2023-12-16 00:51:41', '2023-12-16 00:51:41'),
(42, 'Kabupaten Samosir', 2, '2023-12-16 00:51:41', '2023-12-16 00:51:41'),
(43, 'Kabupaten Serdang Bedagai', 2, '2023-12-16 00:51:41', '2023-12-16 00:51:41'),
(44, 'Kabupaten Simalungun', 2, '2023-12-16 00:51:41', '2023-12-16 00:51:41'),
(45, 'Kabupaten Tapanuli Selatan', 2, '2023-12-16 00:51:41', '2023-12-16 00:51:41'),
(46, 'Kabupaten Tapanuli Tengah', 2, '2023-12-16 00:51:41', '2023-12-16 00:51:41'),
(47, 'Kabupaten Tapanuli Utara', 2, '2023-12-16 00:51:41', '2023-12-16 00:51:41'),
(48, 'Kabupaten Toba', 2, '2023-12-16 00:51:41', '2023-12-16 00:51:41'),
(49, 'Kota Binjai', 2, '2023-12-16 00:51:41', '2023-12-16 00:51:41'),
(50, 'Kota Gunungsitoli', 2, '2023-12-16 00:51:41', '2023-12-16 00:51:41'),
(51, 'Kota Medan', 2, '2023-12-16 00:51:41', '2023-12-16 00:51:41'),
(52, 'Kota Padangsidimpuan', 2, '2023-12-16 00:51:41', '2023-12-16 00:51:41'),
(53, 'Kota Pematangsiantar', 2, '2023-12-16 00:51:41', '2023-12-16 00:51:41'),
(54, 'Kota Sibolga', 2, '2023-12-16 00:51:41', '2023-12-16 00:51:41'),
(55, 'Kota Tanjungbalai', 2, '2023-12-16 00:51:41', '2023-12-16 00:51:41'),
(56, 'Kota Tebing Tinggi', 2, '2023-12-16 00:51:41', '2023-12-16 00:51:41'),
(57, 'Kabupaten Agam', 3, '2023-12-16 00:51:41', '2023-12-16 00:51:41'),
(58, 'Kabupaten Dharmasraya', 3, '2023-12-16 00:51:41', '2023-12-16 00:51:41'),
(59, 'Kabupaten Kepulauan Mentawai', 3, '2023-12-16 00:51:41', '2023-12-16 00:51:41'),
(60, 'Kabupaten Lima Puluh Kota', 3, '2023-12-16 00:51:41', '2023-12-16 00:51:41'),
(61, 'Kabupaten Padang Pariaman', 3, '2023-12-16 00:51:41', '2023-12-16 00:51:41'),
(62, 'Kabupaten Pasaman', 3, '2023-12-16 00:51:41', '2023-12-16 00:51:41'),
(63, 'Kabupaten Pasaman Barat', 3, '2023-12-16 00:51:41', '2023-12-16 00:51:41'),
(64, 'Kabupaten Pesisir Selatan', 3, '2023-12-16 00:51:41', '2023-12-16 00:51:41'),
(65, 'Kabupaten Sijunjung', 3, '2023-12-16 00:51:41', '2023-12-16 00:51:41'),
(66, 'Kabupaten Solok', 3, '2023-12-16 00:51:41', '2023-12-16 00:51:41'),
(67, 'Kabupaten Solok Selatan', 3, '2023-12-16 00:51:41', '2023-12-16 00:51:41'),
(68, 'Kabupaten Tanah Datar', 3, '2023-12-16 00:51:41', '2023-12-16 00:51:41'),
(69, 'Kota Bukittinggi', 3, '2023-12-16 00:51:41', '2023-12-16 00:51:41'),
(70, 'Kota Padang', 3, '2023-12-16 00:51:41', '2023-12-16 00:51:41'),
(71, 'Kota Padang Panjang', 3, '2023-12-16 00:51:41', '2023-12-16 00:51:41'),
(72, 'Kota Pariaman', 3, '2023-12-16 00:51:41', '2023-12-16 00:51:41'),
(73, 'Kota Payakumbuh', 3, '2023-12-16 00:51:41', '2023-12-16 00:51:41'),
(74, 'Kota Sawahlunto', 3, '2023-12-16 00:51:41', '2023-12-16 00:51:41'),
(75, 'Kota Solok', 3, '2023-12-16 00:51:41', '2023-12-16 00:51:41'),
(76, 'Kabupaten Bengkalis', 4, '2023-12-16 00:51:41', '2023-12-16 00:51:41'),
(77, 'Kabupaten Indragiri Hilir', 4, '2023-12-16 00:51:41', '2023-12-16 00:51:41'),
(78, 'Kabupaten Indragiri Hulu', 4, '2023-12-16 00:51:41', '2023-12-16 00:51:41'),
(79, 'Kabupaten Kampar', 4, '2023-12-16 00:51:41', '2023-12-16 00:51:41'),
(80, 'Kabupaten Kepulauan Meranti', 4, '2023-12-16 00:51:41', '2023-12-16 00:51:41'),
(81, 'Kabupaten Kuantan Singingi', 4, '2023-12-16 00:51:41', '2023-12-16 00:51:41'),
(82, 'Kabupaten Pelalawan', 4, '2023-12-16 00:51:41', '2023-12-16 00:51:41'),
(83, 'Kabupaten Rokan Hilir', 4, '2023-12-16 00:51:41', '2023-12-16 00:51:41'),
(84, 'Kabupaten Rokan Hulu', 4, '2023-12-16 00:51:41', '2023-12-16 00:51:41'),
(85, 'Kabupaten Siak', 4, '2023-12-16 00:51:41', '2023-12-16 00:51:41'),
(86, 'Kota Dumai', 4, '2023-12-16 00:51:41', '2023-12-16 00:51:41'),
(87, 'Kota Pekanbaru', 4, '2023-12-16 00:51:41', '2023-12-16 00:51:41'),
(88, 'Kabupaten Batanghari', 5, '2023-12-16 00:51:41', '2023-12-16 00:51:41'),
(89, 'Kabupaten Bungo', 5, '2023-12-16 00:51:41', '2023-12-16 00:51:41'),
(90, 'Kabupaten Kerinci', 5, '2023-12-16 00:51:41', '2023-12-16 00:51:41'),
(91, 'Kabupaten Merangin', 5, '2023-12-16 00:51:41', '2023-12-16 00:51:41'),
(92, 'Kabupaten Muaro Jambi', 5, '2023-12-16 00:51:41', '2023-12-16 00:51:41'),
(93, 'Kabupaten Sarolangun', 5, '2023-12-16 00:51:41', '2023-12-16 00:51:41'),
(94, 'Kabupaten Tanjung Jabung Barat', 5, '2023-12-16 00:51:41', '2023-12-16 00:51:41'),
(95, 'Kabupaten Tanjung Jabung Timur', 5, '2023-12-16 00:51:41', '2023-12-16 00:51:41'),
(96, 'Kabupaten Tebo', 5, '2023-12-16 00:51:41', '2023-12-16 00:51:41'),
(97, 'Kota Jambi', 5, '2023-12-16 00:51:41', '2023-12-16 00:51:41'),
(98, 'Kota Sungai Penuh', 5, '2023-12-16 00:51:41', '2023-12-16 00:51:41'),
(99, 'Kabupaten Banyuasin', 6, '2023-12-16 00:51:41', '2023-12-16 00:51:41'),
(100, 'Kabupaten Empat Lawang', 6, '2023-12-16 00:51:41', '2023-12-16 00:51:41'),
(101, 'Kabupaten Lahat', 6, '2023-12-16 00:51:41', '2023-12-16 00:51:41'),
(102, 'Kabupaten Muara Enim', 6, '2023-12-16 00:51:41', '2023-12-16 00:51:41'),
(103, 'Kabupaten Musi Banyuasin', 6, '2023-12-16 00:51:41', '2023-12-16 00:51:41'),
(104, 'Kabupaten Musi Rawas', 6, '2023-12-16 00:51:41', '2023-12-16 00:51:41'),
(105, 'Kabupaten Musi Rawas Utara', 6, '2023-12-16 00:51:41', '2023-12-16 00:51:41'),
(106, 'Kabupaten Ogan Ilir', 6, '2023-12-16 00:51:41', '2023-12-16 00:51:41'),
(107, 'Kabupaten Ogan Komering Ilir', 6, '2023-12-16 00:51:41', '2023-12-16 00:51:41'),
(108, 'Kabupaten Ogan Komering Ulu', 6, '2023-12-16 00:51:41', '2023-12-16 00:51:41'),
(109, 'Kabupaten Ogan Komering Ulu Selatan', 6, '2023-12-16 00:51:41', '2023-12-16 00:51:41'),
(110, 'Kabupaten Ogan Komering Ulu Timur', 6, '2023-12-16 00:51:41', '2023-12-16 00:51:41'),
(111, 'Kabupaten Penukal Abab Lematang Ilir', 6, '2023-12-16 00:51:41', '2023-12-16 00:51:41'),
(112, 'Kota Lubuk Linggau', 6, '2023-12-16 00:51:41', '2023-12-16 00:51:41'),
(113, 'Kota Pagaralam', 6, '2023-12-16 00:51:41', '2023-12-16 00:51:41'),
(114, 'Kota Palembang', 6, '2023-12-16 00:51:41', '2023-12-16 00:51:41'),
(115, 'Kota Prabumulih', 6, '2023-12-16 00:51:41', '2023-12-16 00:51:41'),
(116, 'Kabupaten Bengkulu Selatan', 7, '2023-12-16 00:51:41', '2023-12-16 00:51:41'),
(117, 'Kabupaten Bengkulu Tengah', 7, '2023-12-16 00:51:41', '2023-12-16 00:51:41'),
(118, 'Kabupaten Bengkulu Utara', 7, '2023-12-16 00:51:41', '2023-12-16 00:51:41'),
(119, 'Kabupaten Kaur', 7, '2023-12-16 00:51:41', '2023-12-16 00:51:41'),
(120, 'Kabupaten Kepahiang', 7, '2023-12-16 00:51:41', '2023-12-16 00:51:41'),
(121, 'Kabupaten Lebong', 7, '2023-12-16 00:51:41', '2023-12-16 00:51:41'),
(122, 'Kabupaten Mukomuko', 7, '2023-12-16 00:51:41', '2023-12-16 00:51:41'),
(123, 'Kabupaten Rejang Lebong', 7, '2023-12-16 00:51:41', '2023-12-16 00:51:41'),
(124, 'Kabupaten Seluma', 7, '2023-12-16 00:51:41', '2023-12-16 00:51:41'),
(125, 'Kota Bengkulu', 7, '2023-12-16 00:51:41', '2023-12-16 00:51:41'),
(126, 'Kabupaten Lampung Barat', 8, '2023-12-16 00:51:41', '2023-12-16 00:51:41'),
(127, 'Kabupaten Lampung Selatan', 8, '2023-12-16 00:51:41', '2023-12-16 00:51:41'),
(128, 'Kabupaten Lampung Tengah', 8, '2023-12-16 00:51:41', '2023-12-16 00:51:41'),
(129, 'Kabupaten Lampung Timur', 8, '2023-12-16 00:51:41', '2023-12-16 00:51:41'),
(130, 'Kabupaten Lampung Utara', 8, '2023-12-16 00:51:41', '2023-12-16 00:51:41'),
(131, 'Kabupaten Mesuji', 8, '2023-12-16 00:51:41', '2023-12-16 00:51:41'),
(132, 'Kabupaten Pesawaran', 8, '2023-12-16 00:51:41', '2023-12-16 00:51:41'),
(133, 'Kabupaten Pesisir Barat', 8, '2023-12-16 00:51:41', '2023-12-16 00:51:41'),
(134, 'Kabupaten Pringsewu', 8, '2023-12-16 00:51:41', '2023-12-16 00:51:41'),
(135, 'Kabupaten Tanggamus', 8, '2023-12-16 00:51:41', '2023-12-16 00:51:41'),
(136, 'Kabupaten Tulang Bawang', 8, '2023-12-16 00:51:41', '2023-12-16 00:51:41'),
(137, 'Kabupaten Tulang Bawang Barat', 8, '2023-12-16 00:51:41', '2023-12-16 00:51:41'),
(138, 'Kabupaten Way Kanan', 8, '2023-12-16 00:51:41', '2023-12-16 00:51:41'),
(139, 'Kota Bandar Lampung', 8, '2023-12-16 00:51:41', '2023-12-16 00:51:41'),
(140, 'Kota Metro', 8, '2023-12-16 00:51:41', '2023-12-16 00:51:41'),
(141, 'Kabupaten Bangka', 10, '2023-12-16 00:51:41', '2023-12-16 00:51:41'),
(142, 'Kabupaten Bangka Barat', 10, '2023-12-16 00:51:41', '2023-12-16 00:51:41'),
(143, 'Kabupaten Bangka Selatan', 10, '2023-12-16 00:51:41', '2023-12-16 00:51:41'),
(144, 'Kabupaten Bangka Tengah', 10, '2023-12-16 00:51:41', '2023-12-16 00:51:41'),
(145, 'Kabupaten Belitung', 10, '2023-12-16 00:51:41', '2023-12-16 00:51:41'),
(146, 'Kabupaten Belitung Timur', 10, '2023-12-16 00:51:41', '2023-12-16 00:51:41'),
(147, 'Kota Pangkalpinang', 10, '2023-12-16 00:51:41', '2023-12-16 00:51:41'),
(148, 'Kabupaten Bintan', 9, '2023-12-16 00:51:41', '2023-12-16 00:51:41'),
(149, 'Kabupaten Karimun', 9, '2023-12-16 00:51:41', '2023-12-16 00:51:41'),
(150, 'Kabupaten Kepulauan Anambas', 9, '2023-12-16 00:51:41', '2023-12-16 00:51:41'),
(151, 'Kabupaten Lingga', 9, '2023-12-16 00:51:41', '2023-12-16 00:51:41'),
(152, 'Kabupaten Natuna', 9, '2023-12-16 00:51:41', '2023-12-16 00:51:41'),
(153, 'Kota Batam', 9, '2023-12-16 00:51:41', '2023-12-16 00:51:41'),
(154, 'Kota Tanjungpinang', 9, '2023-12-16 00:51:41', '2023-12-16 00:51:41'),
(155, 'Kabupaten Administrasi Kepulauan Seribu', 11, '2023-12-16 00:51:41', '2023-12-16 00:51:41'),
(156, 'Kota Administrasi Jakarta Barat', 11, '2023-12-16 00:51:41', '2023-12-16 00:51:41'),
(157, 'Kota Administrasi Jakarta Pusat', 11, '2023-12-16 00:51:41', '2023-12-16 00:51:41'),
(158, 'Kota Administrasi Jakarta Selatan', 11, '2023-12-16 00:51:41', '2023-12-16 00:51:41'),
(159, 'Kota Administrasi Jakarta Timur', 11, '2023-12-16 00:51:41', '2023-12-16 00:51:41'),
(160, 'Kota Administrasi Jakarta Utara', 11, '2023-12-16 00:51:41', '2023-12-16 00:51:41'),
(161, 'Kabupaten Bandung', 12, '2023-12-16 00:51:41', '2023-12-16 00:51:41'),
(162, 'Kabupaten Bandung Barat', 12, '2023-12-16 00:51:41', '2023-12-16 00:51:41'),
(163, 'Kabupaten Bekasi', 12, '2023-12-16 00:51:41', '2023-12-16 00:51:41'),
(164, 'Kabupaten Bogor', 12, '2023-12-16 00:51:41', '2023-12-16 00:51:41'),
(165, 'Kabupaten Ciamis', 12, '2023-12-16 00:51:41', '2023-12-16 00:51:41'),
(166, 'Kabupaten Cianjur', 12, '2023-12-16 00:51:41', '2023-12-16 00:51:41'),
(167, 'Kabupaten Cirebon', 12, '2023-12-16 00:51:41', '2023-12-16 00:51:41'),
(168, 'Kabupaten Garut', 12, '2023-12-16 00:51:41', '2023-12-16 00:51:41'),
(169, 'Kabupaten Indramayu', 12, '2023-12-16 00:51:41', '2023-12-16 00:51:41'),
(170, 'Kabupaten Karawang', 12, '2023-12-16 00:51:41', '2023-12-16 00:51:41'),
(171, 'Kabupaten Kuningan', 12, '2023-12-16 00:51:41', '2023-12-16 00:51:41'),
(172, 'Kabupaten Majalengka', 12, '2023-12-16 00:51:41', '2023-12-16 00:51:41'),
(173, 'Kabupaten Pangandaran', 12, '2023-12-16 00:51:41', '2023-12-16 00:51:41'),
(174, 'Kabupaten Purwakarta', 12, '2023-12-16 00:51:41', '2023-12-16 00:51:41'),
(175, 'Kabupaten Subang', 12, '2023-12-16 00:51:41', '2023-12-16 00:51:41'),
(176, 'Kabupaten Sukabumi', 12, '2023-12-16 00:51:41', '2023-12-16 00:51:41'),
(177, 'Kabupaten Sumedang', 12, '2023-12-16 00:51:42', '2023-12-16 00:51:42'),
(178, 'Kabupaten Tasikmalaya', 12, '2023-12-16 00:51:42', '2023-12-16 00:51:42'),
(179, 'Kota Bandung', 12, '2023-12-16 00:51:42', '2023-12-16 00:51:42'),
(180, 'Kota Banjar', 12, '2023-12-16 00:51:42', '2023-12-16 00:51:42'),
(181, 'Kota Bekasi', 12, '2023-12-16 00:51:42', '2023-12-16 00:51:42'),
(182, 'Kota Bogor', 12, '2023-12-16 00:51:42', '2023-12-16 00:51:42'),
(183, 'Kota Cimahi', 12, '2023-12-16 00:51:42', '2023-12-16 00:51:42'),
(184, 'Kota Cirebon', 12, '2023-12-16 00:51:42', '2023-12-16 00:51:42'),
(185, 'Kota Depok', 12, '2023-12-16 00:51:42', '2023-12-16 00:51:42'),
(186, 'Kota Sukabumi', 12, '2023-12-16 00:51:42', '2023-12-16 00:51:42'),
(187, 'Kota Tasikmalaya', 12, '2023-12-16 00:51:42', '2023-12-16 00:51:42'),
(188, 'Kabupaten Banjamegara', 13, '2023-12-16 00:51:42', '2023-12-16 00:51:42'),
(189, 'Kabupaten Banyumas', 13, '2023-12-16 00:51:42', '2023-12-16 00:51:42'),
(190, 'Kabupaten Batang', 13, '2023-12-16 00:51:42', '2023-12-16 00:51:42'),
(191, 'Kabupaten Blora', 13, '2023-12-16 00:51:42', '2023-12-16 00:51:42'),
(192, 'Kabupaten Boyolali', 13, '2023-12-16 00:51:42', '2023-12-16 00:51:42'),
(193, 'Kabupaten Brebes', 13, '2023-12-16 00:51:42', '2023-12-16 00:51:42'),
(194, 'Kabupaten Cilacap', 13, '2023-12-16 00:51:42', '2023-12-16 00:51:42'),
(195, 'Kabupaten Demak', 13, '2023-12-16 00:51:42', '2023-12-16 00:51:42'),
(196, 'Kabupaten Grobogan', 13, '2023-12-16 00:51:42', '2023-12-16 00:51:42'),
(197, 'Kabupaten Jepara', 13, '2023-12-16 00:51:42', '2023-12-16 00:51:42'),
(198, 'Kabupaten Karanganyar', 13, '2023-12-16 00:51:42', '2023-12-16 00:51:42'),
(199, 'Kabupaten Kebumen', 13, '2023-12-16 00:51:42', '2023-12-16 00:51:42'),
(200, 'Kabupaten Kendal', 13, '2023-12-16 00:51:42', '2023-12-16 00:51:42'),
(201, 'Kabupaten Klaten', 13, '2023-12-16 00:51:42', '2023-12-16 00:51:42'),
(202, 'Kabupaten Kudus', 13, '2023-12-16 00:51:42', '2023-12-16 00:51:42'),
(203, 'Kabupaten Magelang', 13, '2023-12-16 00:51:42', '2023-12-16 00:51:42'),
(204, 'Kabupaten Pati', 13, '2023-12-16 00:51:42', '2023-12-16 00:51:42'),
(205, 'Kabupaten Pekalongan', 13, '2023-12-16 00:51:42', '2023-12-16 00:51:42'),
(206, 'Kabupaten Pemalang', 13, '2023-12-16 00:51:42', '2023-12-16 00:51:42'),
(207, 'Kabupaten Purbalingga', 13, '2023-12-16 00:51:42', '2023-12-16 00:51:42'),
(208, 'Kabupaten Purworejo', 13, '2023-12-16 00:51:42', '2023-12-16 00:51:42'),
(209, 'Kabupaten Rembang', 13, '2023-12-16 00:51:42', '2023-12-16 00:51:42'),
(210, 'Kabupaten Semarang', 13, '2023-12-16 00:51:42', '2023-12-16 00:51:42'),
(211, 'Kabupaten Sragen', 13, '2023-12-16 00:51:42', '2023-12-16 00:51:42'),
(212, 'Kabupaten Sukoharjo', 13, '2023-12-16 00:51:42', '2023-12-16 00:51:42'),
(213, 'Kabupaten Tegal', 13, '2023-12-16 00:51:42', '2023-12-16 00:51:42'),
(214, 'Kabupaten Temanggung', 13, '2023-12-16 00:51:42', '2023-12-16 00:51:42'),
(215, 'Kabupaten Wonogiri', 13, '2023-12-16 00:51:42', '2023-12-16 00:51:42'),
(216, 'Kabupaten Wonosobo', 13, '2023-12-16 00:51:42', '2023-12-16 00:51:42'),
(217, 'Kota Magelang', 13, '2023-12-16 00:51:42', '2023-12-16 00:51:42'),
(218, 'Kota Pekalongan', 13, '2023-12-16 00:51:42', '2023-12-16 00:51:42'),
(219, 'Kota Salatiga', 13, '2023-12-16 00:51:42', '2023-12-16 00:51:42'),
(220, 'Kota Semarang', 13, '2023-12-16 00:51:42', '2023-12-16 00:51:42'),
(221, 'Kota Surakarta', 13, '2023-12-16 00:51:42', '2023-12-16 00:51:42'),
(222, 'Kota Tegal', 13, '2023-12-16 00:51:42', '2023-12-16 00:51:42'),
(223, 'Kabupaten Bantul', 14, '2023-12-16 00:51:42', '2023-12-16 00:51:42'),
(224, 'Kabupaten Gunungkidul', 14, '2023-12-16 00:51:42', '2023-12-16 00:51:42'),
(225, 'Kabupaten Kulon Progo', 14, '2023-12-16 00:51:42', '2023-12-16 00:51:42'),
(226, 'Kabupaten Sleman', 14, '2023-12-16 00:51:42', '2023-12-16 00:51:42'),
(227, 'Kota Yogyakarta', 14, '2023-12-16 00:51:42', '2023-12-16 00:51:42'),
(228, 'Kabupaten Bangkalan', 15, '2023-12-16 00:51:42', '2023-12-16 00:51:42'),
(229, 'Kabupaten Banyuwangi', 15, '2023-12-16 00:51:42', '2023-12-16 00:51:42'),
(230, 'Kabupaten Blitar', 15, '2023-12-16 00:51:42', '2023-12-16 00:51:42'),
(231, 'Kabupaten Bojonegoro', 15, '2023-12-16 00:51:42', '2023-12-16 00:51:42'),
(232, 'Kabupaten Bondowoso', 15, '2023-12-16 00:51:42', '2023-12-16 00:51:42'),
(233, 'Kabupaten Gresik', 15, '2023-12-16 00:51:42', '2023-12-16 00:51:42'),
(234, 'Kabupaten Jember', 15, '2023-12-16 00:51:42', '2023-12-16 00:51:42'),
(235, 'Kabupaten Jombang', 15, '2023-12-16 00:51:42', '2023-12-16 00:51:42'),
(236, 'Kabupaten Kediri', 15, '2023-12-16 00:51:42', '2023-12-16 00:51:42'),
(237, 'Kabupaten Lamongan', 15, '2023-12-16 00:51:42', '2023-12-16 00:51:42'),
(238, 'Kabupaten Lumajang', 15, '2023-12-16 00:51:42', '2023-12-16 00:51:42'),
(239, 'Kabupaten Madiun', 15, '2023-12-16 00:51:42', '2023-12-16 00:51:42'),
(240, 'Kabupaten Magetan', 15, '2023-12-16 00:51:42', '2023-12-16 00:51:42'),
(241, 'Kabupaten Malang', 15, '2023-12-16 00:51:42', '2023-12-16 00:51:42'),
(242, 'Kabupaten Mojokerto', 15, '2023-12-16 00:51:42', '2023-12-16 00:51:42'),
(243, 'Kabupaten Nganjuk', 15, '2023-12-16 00:51:42', '2023-12-16 00:51:42'),
(244, 'Kabupaten Ngawi', 15, '2023-12-16 00:51:42', '2023-12-16 00:51:42'),
(245, 'Kabupaten Pacitan', 15, '2023-12-16 00:51:42', '2023-12-16 00:51:42'),
(246, 'Kabupaten Pamekasan', 15, '2023-12-16 00:51:42', '2023-12-16 00:51:42'),
(247, 'Kabupaten Pasuruan', 15, '2023-12-16 00:51:42', '2023-12-16 00:51:42'),
(248, 'Kabupaten Ponorogo', 15, '2023-12-16 00:51:42', '2023-12-16 00:51:42'),
(249, 'Kabupaten Probolinggo', 15, '2023-12-16 00:51:42', '2023-12-16 00:51:42'),
(250, 'Kabupaten Sampang', 15, '2023-12-16 00:51:42', '2023-12-16 00:51:42'),
(251, 'Kabupaten Sidoarjo', 15, '2023-12-16 00:51:42', '2023-12-16 00:51:42'),
(252, 'Kabupaten Situbondo', 15, '2023-12-16 00:51:42', '2023-12-16 00:51:42'),
(253, 'Kabupaten Sumenep', 15, '2023-12-16 00:51:42', '2023-12-16 00:51:42'),
(254, 'Kabupaten Trenggalek', 15, '2023-12-16 00:51:42', '2023-12-16 00:51:42'),
(255, 'Kabupaten Tuban', 15, '2023-12-16 00:51:42', '2023-12-16 00:51:42'),
(256, 'Kabupaten Tulungagung', 15, '2023-12-16 00:51:42', '2023-12-16 00:51:42'),
(257, 'Kota Batu', 15, '2023-12-16 00:51:42', '2023-12-16 00:51:42'),
(258, 'Kota Blitar', 15, '2023-12-16 00:51:42', '2023-12-16 00:51:42'),
(259, 'Kota Kediri', 15, '2023-12-16 00:51:42', '2023-12-16 00:51:42'),
(260, 'Kota Madiun', 15, '2023-12-16 00:51:42', '2023-12-16 00:51:42'),
(261, 'Kota Malang', 15, '2023-12-16 00:51:42', '2023-12-16 00:51:42'),
(262, 'Kota Mojokerto', 15, '2023-12-16 00:51:42', '2023-12-16 00:51:42'),
(263, 'Kota Pasuruan', 15, '2023-12-16 00:51:42', '2023-12-16 00:51:42'),
(264, 'Kota Probolinggo', 15, '2023-12-16 00:51:42', '2023-12-16 00:51:42'),
(265, 'Kota Surabaya', 15, '2023-12-16 00:51:42', '2023-12-16 00:51:42'),
(266, 'Kabupaten Lebak', 16, '2023-12-16 00:51:42', '2023-12-16 00:51:42'),
(267, 'Kabupaten Pandeglang', 16, '2023-12-16 00:51:42', '2023-12-16 00:51:42'),
(268, 'Kabupaten Serang', 16, '2023-12-16 00:51:42', '2023-12-16 00:51:42'),
(269, 'Kabupaten Tangerang', 16, '2023-12-16 00:51:42', '2023-12-16 00:51:42'),
(270, 'Kota Cilegon', 16, '2023-12-16 00:51:42', '2023-12-16 00:51:42'),
(271, 'Kota Serang', 16, '2023-12-16 00:51:42', '2023-12-16 00:51:42'),
(272, 'Kota Tangerang', 16, '2023-12-16 00:51:42', '2023-12-16 00:51:42'),
(273, 'Kota Tangerang Selatan', 16, '2023-12-16 00:51:42', '2023-12-16 00:51:42'),
(274, 'Kabupaten Badung', 17, '2023-12-16 00:51:42', '2023-12-16 00:51:42'),
(275, 'Kabupaten Bangli', 17, '2023-12-16 00:51:42', '2023-12-16 00:51:42'),
(276, 'Kabupaten Buleleng', 17, '2023-12-16 00:51:42', '2023-12-16 00:51:42'),
(277, 'Kabupaten Gianyar', 17, '2023-12-16 00:51:42', '2023-12-16 00:51:42'),
(278, 'Kabupaten Jembrana', 17, '2023-12-16 00:51:42', '2023-12-16 00:51:42'),
(279, 'Kabupaten Karangasem', 17, '2023-12-16 00:51:42', '2023-12-16 00:51:42'),
(280, 'Kabupaten Klungkung', 17, '2023-12-16 00:51:42', '2023-12-16 00:51:42'),
(281, 'Kabupaten Tabanan', 17, '2023-12-16 00:51:42', '2023-12-16 00:51:42'),
(282, 'Kota Denpasar', 17, '2023-12-16 00:51:42', '2023-12-16 00:51:42'),
(283, 'Kabupaten Bima', 18, '2023-12-16 00:51:42', '2023-12-16 00:51:42'),
(284, 'Kabupaten Dompu', 18, '2023-12-16 00:51:42', '2023-12-16 00:51:42'),
(285, 'Kabupaten Lombok Barat', 18, '2023-12-16 00:51:42', '2023-12-16 00:51:42'),
(286, 'Kabupaten Lombok Tengah', 18, '2023-12-16 00:51:42', '2023-12-16 00:51:42'),
(287, 'Kabupaten Lombok Timur', 18, '2023-12-16 00:51:42', '2023-12-16 00:51:42'),
(288, 'Kabupaten Lombok Utara', 18, '2023-12-16 00:51:42', '2023-12-16 00:51:42'),
(289, 'Kabupaten Sumbawa', 18, '2023-12-16 00:51:42', '2023-12-16 00:51:42'),
(290, 'Kabupaten Sumbawa Barat', 18, '2023-12-16 00:51:42', '2023-12-16 00:51:42'),
(291, 'Kota Bima', 18, '2023-12-16 00:51:42', '2023-12-16 00:51:42'),
(292, 'Kota Mataram', 18, '2023-12-16 00:51:42', '2023-12-16 00:51:42'),
(293, 'Kabupaten Alor', 19, '2023-12-16 00:51:42', '2023-12-16 00:51:42'),
(294, 'Kabupaten Belu', 19, '2023-12-16 00:51:42', '2023-12-16 00:51:42'),
(295, 'Kabupaten Ende', 19, '2023-12-16 00:51:42', '2023-12-16 00:51:42'),
(296, 'Kabupaten Flores Timur', 19, '2023-12-16 00:51:42', '2023-12-16 00:51:42'),
(297, 'Kabupaten Kupang', 19, '2023-12-16 00:51:42', '2023-12-16 00:51:42'),
(298, 'Kabupaten Lembata', 19, '2023-12-16 00:51:42', '2023-12-16 00:51:42'),
(299, 'Kabupaten Malaka', 19, '2023-12-16 00:51:42', '2023-12-16 00:51:42'),
(300, 'Kabupaten Manggarai', 19, '2023-12-16 00:51:42', '2023-12-16 00:51:42'),
(301, 'Kabupaten Manggarai Barat', 19, '2023-12-16 00:51:42', '2023-12-16 00:51:42'),
(302, 'Kabupaten Manggarai Timur', 19, '2023-12-16 00:51:42', '2023-12-16 00:51:42'),
(303, 'Kabupaten Nagekeo', 19, '2023-12-16 00:51:42', '2023-12-16 00:51:42'),
(304, 'Kabupaten Ngada', 19, '2023-12-16 00:51:42', '2023-12-16 00:51:42'),
(305, 'Kabupaten Rote Ndao', 19, '2023-12-16 00:51:42', '2023-12-16 00:51:42'),
(306, 'Kabupaten Sabu Raijua', 19, '2023-12-16 00:51:42', '2023-12-16 00:51:42'),
(307, 'Kabupaten Sikka', 19, '2023-12-16 00:51:42', '2023-12-16 00:51:42'),
(308, 'Kabupaten Sumba Barat', 19, '2023-12-16 00:51:42', '2023-12-16 00:51:42'),
(309, 'Kabupaten Sumba Barat Daya', 19, '2023-12-16 00:51:42', '2023-12-16 00:51:42'),
(310, 'Kabupaten Sumba Tengah', 19, '2023-12-16 00:51:42', '2023-12-16 00:51:42'),
(311, 'Kabupaten Sumba Timur', 19, '2023-12-16 00:51:42', '2023-12-16 00:51:42'),
(312, 'Kabupaten Timor Tengah Selatan', 19, '2023-12-16 00:51:42', '2023-12-16 00:51:42'),
(313, 'Kabupaten Timor Tengah Utara', 19, '2023-12-16 00:51:42', '2023-12-16 00:51:42'),
(314, 'Kota Kupang', 19, '2023-12-16 00:51:42', '2023-12-16 00:51:42'),
(315, 'Kabupaten Bengkayang', 20, '2023-12-16 00:51:42', '2023-12-16 00:51:42'),
(316, 'Kabupaten Kapuas Hulu', 20, '2023-12-16 00:51:42', '2023-12-16 00:51:42'),
(317, 'Kabupaten Kayong Utara', 20, '2023-12-16 00:51:42', '2023-12-16 00:51:42'),
(318, 'Kabupaten Ketapang', 20, '2023-12-16 00:51:42', '2023-12-16 00:51:42'),
(319, 'Kabupaten Kubu Raya', 20, '2023-12-16 00:51:42', '2023-12-16 00:51:42'),
(320, 'Kabupaten Landak', 20, '2023-12-16 00:51:42', '2023-12-16 00:51:42'),
(321, 'Kabupaten Melawi', 20, '2023-12-16 00:51:42', '2023-12-16 00:51:42'),
(322, 'Kabupaten Mempawah', 20, '2023-12-16 00:51:42', '2023-12-16 00:51:42'),
(323, 'Kabupaten Sambas', 20, '2023-12-16 00:51:42', '2023-12-16 00:51:42'),
(324, 'Kabupaten Sanggau', 20, '2023-12-16 00:51:42', '2023-12-16 00:51:42'),
(325, 'Kabupaten Sekadau', 20, '2023-12-16 00:51:42', '2023-12-16 00:51:42'),
(326, 'Kabupaten Sintang', 20, '2023-12-16 00:51:42', '2023-12-16 00:51:42'),
(327, 'Kota Pontianak', 20, '2023-12-16 00:51:42', '2023-12-16 00:51:42'),
(328, 'Kota Singkawang', 20, '2023-12-16 00:51:42', '2023-12-16 00:51:42'),
(329, 'Kabupaten Barito Selatan', 21, '2023-12-16 00:51:42', '2023-12-16 00:51:42'),
(330, 'Kabupaten Barito Timur', 21, '2023-12-16 00:51:42', '2023-12-16 00:51:42'),
(331, 'Kabupaten Barito Utara', 21, '2023-12-16 00:51:42', '2023-12-16 00:51:42'),
(332, 'Kabupaten Gunung Mas', 21, '2023-12-16 00:51:42', '2023-12-16 00:51:42'),
(333, 'Kabupaten Kapuas', 21, '2023-12-16 00:51:42', '2023-12-16 00:51:42'),
(334, 'Kabupaten Katingan', 21, '2023-12-16 00:51:42', '2023-12-16 00:51:42'),
(335, 'Kabupaten Kotawaringin Barat', 21, '2023-12-16 00:51:42', '2023-12-16 00:51:42'),
(336, 'Kabupaten Kotawaringin Timur', 21, '2023-12-16 00:51:42', '2023-12-16 00:51:42'),
(337, 'Kabupaten Lamandau', 21, '2023-12-16 00:51:42', '2023-12-16 00:51:42'),
(338, 'Kabupaten Murung Raya', 21, '2023-12-16 00:51:42', '2023-12-16 00:51:42'),
(339, 'Kabupaten Pulang Pisau', 21, '2023-12-16 00:51:42', '2023-12-16 00:51:42'),
(340, 'Kabupaten Seruyan', 21, '2023-12-16 00:51:42', '2023-12-16 00:51:42'),
(341, 'Kabupaten Sukamara', 21, '2023-12-16 00:51:42', '2023-12-16 00:51:42'),
(342, 'Kota Palangka Raya', 21, '2023-12-16 00:51:42', '2023-12-16 00:51:42'),
(343, 'Kabupaten Balangan', 22, '2023-12-16 00:51:42', '2023-12-16 00:51:42'),
(344, 'Kabupaten Banjar', 22, '2023-12-16 00:51:42', '2023-12-16 00:51:42'),
(345, 'Kabupaten Barito Kuala', 22, '2023-12-16 00:51:42', '2023-12-16 00:51:42'),
(346, 'Kabupaten Hulu Sungai Selatan', 22, '2023-12-16 00:51:42', '2023-12-16 00:51:42'),
(347, 'Kabupaten Hulu Sungai Tengah', 22, '2023-12-16 00:51:42', '2023-12-16 00:51:42'),
(348, 'Kabupaten Hulu Sungai Utara', 22, '2023-12-16 00:51:42', '2023-12-16 00:51:42'),
(349, 'Kabupaten Kotabaru', 22, '2023-12-16 00:51:42', '2023-12-16 00:51:42'),
(350, 'Kabupaten Tabalong', 22, '2023-12-16 00:51:42', '2023-12-16 00:51:42'),
(351, 'Kabupaten Tanah Bumbu', 22, '2023-12-16 00:51:42', '2023-12-16 00:51:42'),
(352, 'Kabupaten Tanah Laut', 22, '2023-12-16 00:51:42', '2023-12-16 00:51:42'),
(353, 'Kabupaten Tapin', 22, '2023-12-16 00:51:42', '2023-12-16 00:51:42'),
(354, 'Kota Banjarbaru', 22, '2023-12-16 00:51:42', '2023-12-16 00:51:42'),
(355, 'Kota Banjarmasin', 22, '2023-12-16 00:51:42', '2023-12-16 00:51:42'),
(356, 'Kabupaten Berau', 23, '2023-12-16 00:51:42', '2023-12-16 00:51:42'),
(357, 'Kabupaten Kutai Barat', 23, '2023-12-16 00:51:42', '2023-12-16 00:51:42'),
(358, 'Kabupaten Kutai Kartanegara', 23, '2023-12-16 00:51:42', '2023-12-16 00:51:42'),
(359, 'Kabupaten Kutai Timur', 23, '2023-12-16 00:51:42', '2023-12-16 00:51:42'),
(360, 'Kabupaten Mahakam Ulu', 23, '2023-12-16 00:51:42', '2023-12-16 00:51:42'),
(361, 'Kabupaten Paser', 23, '2023-12-16 00:51:42', '2023-12-16 00:51:42'),
(362, 'Kabupaten Penajam Paser Utara', 23, '2023-12-16 00:51:42', '2023-12-16 00:51:42'),
(363, 'Kota Balikpapan', 23, '2023-12-16 00:51:42', '2023-12-16 00:51:42'),
(364, 'Kota Bontang', 23, '2023-12-16 00:51:42', '2023-12-16 00:51:42'),
(365, 'Kota Samarinda', 23, '2023-12-16 00:51:42', '2023-12-16 00:51:42'),
(366, 'Kabupaten Bulungan', 24, '2023-12-16 00:51:42', '2023-12-16 00:51:42'),
(367, 'Kabupaten Malinau', 24, '2023-12-16 00:51:42', '2023-12-16 00:51:42'),
(368, 'Kabupaten Nunukan', 24, '2023-12-16 00:51:42', '2023-12-16 00:51:42'),
(369, 'Kabupaten Tana Tidung', 24, '2023-12-16 00:51:42', '2023-12-16 00:51:42'),
(370, 'Kota Tarakan', 24, '2023-12-16 00:51:42', '2023-12-16 00:51:42'),
(371, 'Kabupaten Bolaang Mongondow', 25, '2023-12-16 00:51:42', '2023-12-16 00:51:42'),
(372, 'Kabupaten Bolaang Mongondow Selatan', 25, '2023-12-16 00:51:42', '2023-12-16 00:51:42'),
(373, 'Kabupaten Bolaang Mongondow Timur', 25, '2023-12-16 00:51:42', '2023-12-16 00:51:42'),
(374, 'Kabupaten Bolaang Mongondow Utara', 25, '2023-12-16 00:51:42', '2023-12-16 00:51:42'),
(375, 'Kabupaten Kepulauan Sangihe', 25, '2023-12-16 00:51:42', '2023-12-16 00:51:42'),
(376, 'Kabupaten Kepulauan Siau Tagulandang Biaro', 25, '2023-12-16 00:51:42', '2023-12-16 00:51:42'),
(377, 'Kabupaten Kepulauan Talaud', 25, '2023-12-16 00:51:42', '2023-12-16 00:51:42'),
(378, 'Kabupaten Minahasa', 25, '2023-12-16 00:51:42', '2023-12-16 00:51:42'),
(379, 'Kabupaten Minahasa Selatan', 25, '2023-12-16 00:51:42', '2023-12-16 00:51:42'),
(380, 'Kabupaten Minahasa Tenggara', 25, '2023-12-16 00:51:42', '2023-12-16 00:51:42'),
(381, 'Kabupaten Minahasa Utara', 25, '2023-12-16 00:51:42', '2023-12-16 00:51:42'),
(382, 'Kota Bitung', 25, '2023-12-16 00:51:42', '2023-12-16 00:51:42'),
(383, 'Kota Kotamobagu', 25, '2023-12-16 00:51:42', '2023-12-16 00:51:42'),
(384, 'Kota Manado', 25, '2023-12-16 00:51:42', '2023-12-16 00:51:42'),
(385, 'Kota Tomohon', 25, '2023-12-16 00:51:42', '2023-12-16 00:51:42'),
(386, 'Kabupaten Banggai', 26, '2023-12-16 00:51:42', '2023-12-16 00:51:42'),
(387, 'Kabupaten Banggai Kepulauan', 26, '2023-12-16 00:51:42', '2023-12-16 00:51:42'),
(388, 'Kabupaten Banggai Laut', 26, '2023-12-16 00:51:42', '2023-12-16 00:51:42'),
(389, 'Kabupaten Buol', 26, '2023-12-16 00:51:42', '2023-12-16 00:51:42'),
(390, 'Kabupaten Donggala', 26, '2023-12-16 00:51:42', '2023-12-16 00:51:42'),
(391, 'Kabupaten Morowali', 26, '2023-12-16 00:51:42', '2023-12-16 00:51:42'),
(392, 'Kabupaten Morowali Utara', 26, '2023-12-16 00:51:42', '2023-12-16 00:51:42'),
(393, 'Kabupaten Parigi Moutong', 26, '2023-12-16 00:51:42', '2023-12-16 00:51:42'),
(394, 'Kabupaten Poso', 26, '2023-12-16 00:51:42', '2023-12-16 00:51:42'),
(395, 'Kabupaten Sigi', 26, '2023-12-16 00:51:42', '2023-12-16 00:51:42'),
(396, 'Kabupaten Tojo Una-Una', 26, '2023-12-16 00:51:42', '2023-12-16 00:51:42'),
(397, 'Kabupaten Tolitoli', 26, '2023-12-16 00:51:42', '2023-12-16 00:51:42'),
(398, 'Kota Palu', 26, '2023-12-16 00:51:42', '2023-12-16 00:51:42'),
(399, 'Kabupaten Bantaeng', 27, '2023-12-16 00:51:42', '2023-12-16 00:51:42'),
(400, 'Kabupaten Barru', 27, '2023-12-16 00:51:42', '2023-12-16 00:51:42'),
(401, 'Kabupaten Bone', 27, '2023-12-16 00:51:42', '2023-12-16 00:51:42'),
(402, 'Kabupaten Bulukumba', 27, '2023-12-16 00:51:42', '2023-12-16 00:51:42'),
(403, 'Kabupaten Enrekang', 27, '2023-12-16 00:51:42', '2023-12-16 00:51:42'),
(404, 'Kabupaten Gowa', 27, '2023-12-16 00:51:42', '2023-12-16 00:51:42'),
(405, 'Kabupaten Jeneponto', 27, '2023-12-16 00:51:42', '2023-12-16 00:51:42'),
(406, 'Kabupaten Kepulauan Selayar', 27, '2023-12-16 00:51:42', '2023-12-16 00:51:42'),
(407, 'Kabupaten Luwu', 27, '2023-12-16 00:51:42', '2023-12-16 00:51:42'),
(408, 'Kabupaten Luwu Timur', 27, '2023-12-16 00:51:42', '2023-12-16 00:51:42'),
(409, 'Kabupaten Luwu Utara', 27, '2023-12-16 00:51:42', '2023-12-16 00:51:42'),
(410, 'Kabupaten Maros', 27, '2023-12-16 00:51:42', '2023-12-16 00:51:42'),
(411, 'Kabupaten Pangkajene dan Kepulauan', 27, '2023-12-16 00:51:42', '2023-12-16 00:51:42'),
(412, 'Kabupaten Pinrang', 27, '2023-12-16 00:51:42', '2023-12-16 00:51:42'),
(413, 'Kabupaten Sidenreng Rappang', 27, '2023-12-16 00:51:42', '2023-12-16 00:51:42'),
(414, 'Kabupaten Sinjai', 27, '2023-12-16 00:51:42', '2023-12-16 00:51:42'),
(415, 'Kabupaten Soppeng', 27, '2023-12-16 00:51:42', '2023-12-16 00:51:42'),
(416, 'Kabupaten Takalar', 27, '2023-12-16 00:51:42', '2023-12-16 00:51:42'),
(417, 'Kabupaten Tana Toraja', 27, '2023-12-16 00:51:42', '2023-12-16 00:51:42'),
(418, 'Kabupaten Toraja Utara', 27, '2023-12-16 00:51:42', '2023-12-16 00:51:42'),
(419, 'Kabupaten Wajo', 27, '2023-12-16 00:51:42', '2023-12-16 00:51:42'),
(420, 'Kota Makassar', 27, '2023-12-16 00:51:42', '2023-12-16 00:51:42'),
(421, 'Kota Palopo', 27, '2023-12-16 00:51:42', '2023-12-16 00:51:42'),
(422, 'Kota Parepare', 27, '2023-12-16 00:51:42', '2023-12-16 00:51:42'),
(423, 'Kabupaten Bombana', 28, '2023-12-16 00:51:42', '2023-12-16 00:51:42'),
(424, 'Kabupaten Buton', 28, '2023-12-16 00:51:42', '2023-12-16 00:51:42'),
(425, 'Kabupaten Buton Selatan', 28, '2023-12-16 00:51:42', '2023-12-16 00:51:42'),
(426, 'Kabupaten Buton Tengah', 28, '2023-12-16 00:51:42', '2023-12-16 00:51:42'),
(427, 'Kabupaten Buton Utara', 28, '2023-12-16 00:51:42', '2023-12-16 00:51:42'),
(428, 'Kabupaten Kolaka', 28, '2023-12-16 00:51:42', '2023-12-16 00:51:42'),
(429, 'Kabupaten Kolaka Timur', 28, '2023-12-16 00:51:42', '2023-12-16 00:51:42'),
(430, 'Kabupaten Kolaka Utara', 28, '2023-12-16 00:51:42', '2023-12-16 00:51:42'),
(431, 'Kabupaten Konawe', 28, '2023-12-16 00:51:42', '2023-12-16 00:51:42'),
(432, 'Kabupaten Konawe Kepulauan', 28, '2023-12-16 00:51:42', '2023-12-16 00:51:42'),
(433, 'Kabupaten Konawe Selatan', 28, '2023-12-16 00:51:42', '2023-12-16 00:51:42'),
(434, 'Kabupaten Konawe Utara', 28, '2023-12-16 00:51:42', '2023-12-16 00:51:42'),
(435, 'Kabupaten Muna', 28, '2023-12-16 00:51:42', '2023-12-16 00:51:42'),
(436, 'Kabupaten Muna Barat', 28, '2023-12-16 00:51:42', '2023-12-16 00:51:42'),
(437, 'Kabupaten Wakatobi', 28, '2023-12-16 00:51:42', '2023-12-16 00:51:42'),
(438, 'Kota Baubau', 28, '2023-12-16 00:51:42', '2023-12-16 00:51:42'),
(439, 'Kota Kendari', 28, '2023-12-16 00:51:42', '2023-12-16 00:51:42'),
(440, 'Kabupaten Boalemo', 29, '2023-12-16 00:51:42', '2023-12-16 00:51:42'),
(441, 'Kabupaten Bone Bolango', 29, '2023-12-16 00:51:42', '2023-12-16 00:51:42'),
(442, 'Kabupaten Gorontalo', 29, '2023-12-16 00:51:42', '2023-12-16 00:51:42'),
(443, 'Kabupaten Gorontalo Utara', 29, '2023-12-16 00:51:42', '2023-12-16 00:51:42'),
(444, 'Kabupaten Pohuwato', 29, '2023-12-16 00:51:42', '2023-12-16 00:51:42'),
(445, 'Kota Gorontalo', 29, '2023-12-16 00:51:42', '2023-12-16 00:51:42'),
(446, 'Kabupaten Majene', 30, '2023-12-16 00:51:42', '2023-12-16 00:51:42'),
(447, 'Kabupaten Mamasa', 30, '2023-12-16 00:51:42', '2023-12-16 00:51:42'),
(448, 'Kabupaten Mamuju', 30, '2023-12-16 00:51:42', '2023-12-16 00:51:42'),
(449, 'Kabupaten Mamuju Tengah', 30, '2023-12-16 00:51:42', '2023-12-16 00:51:42'),
(450, 'Kabupaten Pasangkayu', 30, '2023-12-16 00:51:42', '2023-12-16 00:51:42'),
(451, 'Kabupaten Polewali Mandar', 30, '2023-12-16 00:51:42', '2023-12-16 00:51:42'),
(452, 'Kabupaten Buru', 31, '2023-12-16 00:51:42', '2023-12-16 00:51:42'),
(453, 'Kabupaten Buru Selatan', 31, '2023-12-16 00:51:42', '2023-12-16 00:51:42'),
(454, 'Kabupaten Kepulauan Aru', 31, '2023-12-16 00:51:42', '2023-12-16 00:51:42'),
(455, 'Kabupaten Kepulauan Tanimbar', 31, '2023-12-16 00:51:42', '2023-12-16 00:51:42'),
(456, 'Kabupaten Maluku Barat Daya', 31, '2023-12-16 00:51:42', '2023-12-16 00:51:42'),
(457, 'Kabupaten Maluku Tengah', 31, '2023-12-16 00:51:42', '2023-12-16 00:51:42'),
(458, 'Kabupaten Maluku Tenggara', 31, '2023-12-16 00:51:42', '2023-12-16 00:51:42'),
(459, 'Kabupaten Seram Bagian Barat', 31, '2023-12-16 00:51:42', '2023-12-16 00:51:42'),
(460, 'Kabupaten Seram Bagian Timur', 31, '2023-12-16 00:51:42', '2023-12-16 00:51:42'),
(461, 'Kota Ambon', 31, '2023-12-16 00:51:42', '2023-12-16 00:51:42'),
(462, 'Kota Tual', 31, '2023-12-16 00:51:42', '2023-12-16 00:51:42'),
(463, 'Kabupaten Halmahera Barat', 32, '2023-12-16 00:51:42', '2023-12-16 00:51:42'),
(464, 'Kabupaten Halmahera Selatan', 32, '2023-12-16 00:51:42', '2023-12-16 00:51:42'),
(465, 'Kabupaten Halmahera Tengah', 32, '2023-12-16 00:51:42', '2023-12-16 00:51:42'),
(466, 'Kabupaten Halmahera Timur', 32, '2023-12-16 00:51:42', '2023-12-16 00:51:42'),
(467, 'Kabupaten Halmahera Utara', 32, '2023-12-16 00:51:42', '2023-12-16 00:51:42'),
(468, 'Kabupaten Kepulauan Sula', 32, '2023-12-16 00:51:42', '2023-12-16 00:51:42'),
(469, 'Kabupaten Pulau Morotai', 32, '2023-12-16 00:51:42', '2023-12-16 00:51:42'),
(470, 'Kabupaten Pulau Taliabu', 32, '2023-12-16 00:51:42', '2023-12-16 00:51:42'),
(471, 'Kota Ternate', 32, '2023-12-16 00:51:42', '2023-12-16 00:51:42'),
(472, 'Kota Tidore Kepulauan', 32, '2023-12-16 00:51:42', '2023-12-16 00:51:42'),
(473, 'Kabupaten Biak Numfor', 33, '2023-12-16 00:51:42', '2023-12-16 00:51:42'),
(474, 'Kabupaten Jayapura', 33, '2023-12-16 00:51:42', '2023-12-16 00:51:42'),
(475, 'Kabupaten Keerom', 33, '2023-12-16 00:51:42', '2023-12-16 00:51:42'),
(476, 'Kabupaten Kepulauan Yapen', 33, '2023-12-16 00:51:42', '2023-12-16 00:51:42'),
(477, 'Kabupaten Mamberamo Raya', 33, '2023-12-16 00:51:42', '2023-12-16 00:51:42'),
(478, 'Kabupaten Sarmi', 33, '2023-12-16 00:51:43', '2023-12-16 00:51:43'),
(479, 'Kabupaten Supiori', 33, '2023-12-16 00:51:43', '2023-12-16 00:51:43'),
(480, 'Kabupaten Waropen', 33, '2023-12-16 00:51:43', '2023-12-16 00:51:43'),
(481, 'Kota Jayapura', 33, '2023-12-16 00:51:43', '2023-12-16 00:51:43'),
(482, 'Kabupaten Fakfak', 34, '2023-12-16 00:51:43', '2023-12-16 00:51:43'),
(483, 'Kabupaten Kaimana', 34, '2023-12-16 00:51:43', '2023-12-16 00:51:43'),
(484, 'Kabupaten Manokwari', 34, '2023-12-16 00:51:43', '2023-12-16 00:51:43'),
(485, 'Kabupaten Manokwari Selatan', 34, '2023-12-16 00:51:43', '2023-12-16 00:51:43'),
(486, 'Kabupaten Pegunungan Arfak', 34, '2023-12-16 00:51:43', '2023-12-16 00:51:43'),
(487, 'Kabupaten Teluk Bintuni', 34, '2023-12-16 00:51:43', '2023-12-16 00:51:43'),
(488, 'Kabupaten Teluk Wondama', 34, '2023-12-16 00:51:43', '2023-12-16 00:51:43'),
(489, 'Kabupaten Asmat', 35, '2023-12-16 00:51:43', '2023-12-16 00:51:43'),
(490, 'Kabupaten Boven Digoel', 35, '2023-12-16 00:51:43', '2023-12-16 00:51:43'),
(491, 'Kabupaten Mappi', 35, '2023-12-16 00:51:43', '2023-12-16 00:51:43'),
(492, 'Kabupaten Merauke', 35, '2023-12-16 00:51:43', '2023-12-16 00:51:43'),
(493, 'Kabupaten Deiyai', 36, '2023-12-16 00:51:43', '2023-12-16 00:51:43'),
(494, 'Kabupaten Dogiyai', 36, '2023-12-16 00:51:43', '2023-12-16 00:51:43'),
(495, 'Kabupaten Intan Jaya', 36, '2023-12-16 00:51:43', '2023-12-16 00:51:43'),
(496, 'Kabupaten Mimika', 36, '2023-12-16 00:51:43', '2023-12-16 00:51:43'),
(497, 'Kabupaten Nabire', 36, '2023-12-16 00:51:43', '2023-12-16 00:51:43'),
(498, 'Kabupaten Paniai', 36, '2023-12-16 00:51:43', '2023-12-16 00:51:43'),
(499, 'Kabupaten Puncak', 36, '2023-12-16 00:51:43', '2023-12-16 00:51:43'),
(500, 'Kabupaten Puncak Jaya', 36, '2023-12-16 00:51:43', '2023-12-16 00:51:43'),
(501, 'Kabupaten Jayawijaya', 37, '2023-12-16 00:51:43', '2023-12-16 00:51:43'),
(502, 'Kabupaten Lanny Jaya', 37, '2023-12-16 00:51:43', '2023-12-16 00:51:43'),
(503, 'Kabupaten Mamberamo Tengah', 37, '2023-12-16 00:51:43', '2023-12-16 00:51:43'),
(504, 'Kabupaten Nduga', 37, '2023-12-16 00:51:43', '2023-12-16 00:51:43'),
(505, 'Kabupaten Pegunungan Bintang', 37, '2023-12-16 00:51:43', '2023-12-16 00:51:43'),
(506, 'Kabupaten Tolikara', 37, '2023-12-16 00:51:43', '2023-12-16 00:51:43'),
(507, 'Kabupaten Yalimo', 37, '2023-12-16 00:51:43', '2023-12-16 00:51:43'),
(508, 'Kabupaten Yahukimo', 37, '2023-12-16 00:51:43', '2023-12-16 00:51:43'),
(509, 'Kabupaten Maybrat', 38, '2023-12-16 00:51:43', '2023-12-16 00:51:43'),
(510, 'Kabupaten Raja Ampat', 38, '2023-12-16 00:51:43', '2023-12-16 00:51:43'),
(511, 'Kabupaten Sorong', 38, '2023-12-16 00:51:43', '2023-12-16 00:51:43'),
(512, 'Kabupaten Sorong Selatan', 38, '2023-12-16 00:51:43', '2023-12-16 00:51:43'),
(513, 'Kabupaten Tambrauw', 38, '2023-12-16 00:51:43', '2023-12-16 00:51:43'),
(514, 'Kota Sorong', 38, '2023-12-16 00:51:43', '2023-12-16 00:51:43');

-- --------------------------------------------------------

--
-- Table structure for table `mahasiswa`
--

CREATE TABLE `mahasiswa` (
  `id` bigint(20) UNSIGNED NOT NULL,
  `user_id` bigint(20) UNSIGNED DEFAULT NULL,
  `nama_lengkap` varchar(255) DEFAULT NULL,
  `alamat_ktp` text DEFAULT NULL,
  `alamat_domisili` text DEFAULT NULL,
  `kabupaten_id` bigint(20) UNSIGNED DEFAULT NULL,
  `kecamatan` varchar(255) DEFAULT NULL,
  `nomor_telepon` varchar(255) DEFAULT NULL,
  `nomor_hp` varchar(255) DEFAULT NULL,
  `email` varchar(255) DEFAULT NULL,
  `kewarganegaraan` enum('WNI Asli','WNI Keturunan',' WNA') DEFAULT NULL,
  `wna` varchar(255) DEFAULT NULL,
  `tanggal_lahir` date DEFAULT NULL,
  `negara_tempat_lahir` varchar(255) DEFAULT NULL,
  `provinsi_tempat_lahir` varchar(255) DEFAULT NULL,
  `kota_tempat_lahir` varchar(255) DEFAULT NULL,
  `jenis_kelamin` enum('Pria','Wanita') DEFAULT NULL,
  `status_menikah` enum('Belum Menikah','Menikah','Lain-lain (Janda/Duda)') DEFAULT NULL,
  `agama` enum('Islam','Katolik','Kristen','Hindu','Budha','Lain-lain') DEFAULT NULL,
  `foto` varchar(255) DEFAULT NULL,
  `created_at` timestamp NULL DEFAULT NULL,
  `updated_at` timestamp NULL DEFAULT NULL
) ENGINE=InnoDB DEFAULT CHARSET=utf8mb4 COLLATE=utf8mb4_unicode_ci;

--
-- Dumping data for table `mahasiswa`
--

INSERT INTO `mahasiswa` (`id`, `user_id`, `nama_lengkap`, `alamat_ktp`, `alamat_domisili`, `kabupaten_id`, `kecamatan`, `nomor_telepon`, `nomor_hp`, `email`, `kewarganegaraan`, `wna`, `tanggal_lahir`, `negara_tempat_lahir`, `provinsi_tempat_lahir`, `kota_tempat_lahir`, `jenis_kelamin`, `status_menikah`, `agama`, `foto`, `created_at`, `updated_at`) VALUES
(1, 4, 'Reza Rizky R', 'bandung', 'bandung', 25, 'Dayeuhkolot', '+62 882-1798-6837', '+62 882-1798-6837', 'reza12@gmail.com', 'WNI Asli', NULL, '2001-03-06', NULL, 'Bandung', 'Bandung', 'Pria', 'Belum Menikah', 'Islam', 'foto-profil/eqstrvaVZiGuwJAqikL0n4FdN6OTSAneuiJshKtM.png', '2023-12-16 00:58:31', '2023-12-16 00:58:31'),
(2, 5, 'Indah Sayang Sari', 'asd', 'asd', 3, 'asdasd', '+62 882-1798-6837', '+62 882-1798-6837', 'indah@gmail.com', 'WNI Asli', NULL, '2001-03-15', NULL, 'Bandung', 'Palembang', 'Pria', 'Belum Menikah', 'Islam', 'foto-profil/CCyw3TERdbT2lHSe7saGz5EDIzqQaOfdIKj2j3PP.png', '2023-12-16 01:44:49', '2023-12-16 02:03:48');

-- --------------------------------------------------------

--
-- Table structure for table `migrations`
--

CREATE TABLE `migrations` (
  `id` int(10) UNSIGNED NOT NULL,
  `migration` varchar(255) NOT NULL,
  `batch` int(11) NOT NULL
) ENGINE=InnoDB DEFAULT CHARSET=utf8mb4 COLLATE=utf8mb4_unicode_ci;

--
-- Dumping data for table `migrations`
--

INSERT INTO `migrations` (`id`, `migration`, `batch`) VALUES
(1, '2014_10_12_000000_create_users_table', 1),
(2, '2014_10_12_100000_create_password_reset_tokens_table', 1),
(3, '2019_08_19_000000_create_failed_jobs_table', 1),
(4, '2019_12_14_000001_create_personal_access_tokens_table', 1),
(5, '2023_11_21_201756_create_provinsi_table', 1),
(6, '2023_11_21_201936_create_kabupaten_table', 1),
(7, '2023_12_16_051008_create_mahasiswas_table', 1);

-- --------------------------------------------------------

--
-- Table structure for table `password_reset_tokens`
--

CREATE TABLE `password_reset_tokens` (
  `email` varchar(255) NOT NULL,
  `token` varchar(255) NOT NULL,
  `created_at` timestamp NULL DEFAULT NULL
) ENGINE=InnoDB DEFAULT CHARSET=utf8mb4 COLLATE=utf8mb4_unicode_ci;

-- --------------------------------------------------------

--
-- Table structure for table `personal_access_tokens`
--

CREATE TABLE `personal_access_tokens` (
  `id` bigint(20) UNSIGNED NOT NULL,
  `tokenable_type` varchar(255) NOT NULL,
  `tokenable_id` bigint(20) UNSIGNED NOT NULL,
  `name` varchar(255) NOT NULL,
  `token` varchar(64) NOT NULL,
  `abilities` text DEFAULT NULL,
  `last_used_at` timestamp NULL DEFAULT NULL,
  `expires_at` timestamp NULL DEFAULT NULL,
  `created_at` timestamp NULL DEFAULT NULL,
  `updated_at` timestamp NULL DEFAULT NULL
) ENGINE=InnoDB DEFAULT CHARSET=utf8mb4 COLLATE=utf8mb4_unicode_ci;

-- --------------------------------------------------------

--
-- Table structure for table `provinsi`
--

CREATE TABLE `provinsi` (
  `id` bigint(20) UNSIGNED NOT NULL,
  `provinsi` varchar(255) DEFAULT NULL,
  `created_at` timestamp NULL DEFAULT NULL,
  `updated_at` timestamp NULL DEFAULT NULL
) ENGINE=InnoDB DEFAULT CHARSET=utf8mb4 COLLATE=utf8mb4_unicode_ci;

--
-- Dumping data for table `provinsi`
--

INSERT INTO `provinsi` (`id`, `provinsi`, `created_at`, `updated_at`) VALUES
(1, 'Aceh', '2023-12-16 00:51:41', '2023-12-16 00:51:41'),
(2, 'Sumatera Utara', '2023-12-16 00:51:41', '2023-12-16 00:51:41'),
(3, 'Sumatera Barat', '2023-12-16 00:51:41', '2023-12-16 00:51:41'),
(4, 'Riau', '2023-12-16 00:51:41', '2023-12-16 00:51:41'),
(5, 'Jambi', '2023-12-16 00:51:41', '2023-12-16 00:51:41'),
(6, 'Sumatera Selatan', '2023-12-16 00:51:41', '2023-12-16 00:51:41'),
(7, 'Bengkulu', '2023-12-16 00:51:41', '2023-12-16 00:51:41'),
(8, 'Lampung', '2023-12-16 00:51:41', '2023-12-16 00:51:41'),
(9, 'Kepulauan Riau', '2023-12-16 00:51:41', '2023-12-16 00:51:41'),
(10, 'Kepulauan Bangka Belitung', '2023-12-16 00:51:41', '2023-12-16 00:51:41'),
(11, 'DKI Jakarta', '2023-12-16 00:51:41', '2023-12-16 00:51:41'),
(12, 'Jawa Barat', '2023-12-16 00:51:41', '2023-12-16 00:51:41'),
(13, 'Jawa Tengah', '2023-12-16 00:51:41', '2023-12-16 00:51:41'),
(14, 'DI Yogyakarta', '2023-12-16 00:51:41', '2023-12-16 00:51:41'),
(15, 'Jawa Timur', '2023-12-16 00:51:41', '2023-12-16 00:51:41'),
(16, 'Banten', '2023-12-16 00:51:41', '2023-12-16 00:51:41'),
(17, 'Bali', '2023-12-16 00:51:41', '2023-12-16 00:51:41'),
(18, 'Nusa Tenggara Barat', '2023-12-16 00:51:41', '2023-12-16 00:51:41'),
(19, 'Nusa Tenggara Timur', '2023-12-16 00:51:41', '2023-12-16 00:51:41'),
(20, 'Kalimantan Barat', '2023-12-16 00:51:41', '2023-12-16 00:51:41'),
(21, 'Kalimantan Tengah', '2023-12-16 00:51:41', '2023-12-16 00:51:41'),
(22, 'Kalimantan Selatan', '2023-12-16 00:51:41', '2023-12-16 00:51:41'),
(23, 'Kalimantan Timur', '2023-12-16 00:51:41', '2023-12-16 00:51:41'),
(24, 'Kalimantan Utara', '2023-12-16 00:51:41', '2023-12-16 00:51:41'),
(25, 'Sulawesi Utara', '2023-12-16 00:51:41', '2023-12-16 00:51:41'),
(26, 'Sulawesi Tengah', '2023-12-16 00:51:41', '2023-12-16 00:51:41'),
(27, 'Sulawesi Selatan', '2023-12-16 00:51:41', '2023-12-16 00:51:41'),
(28, 'Sulawesi Tenggara', '2023-12-16 00:51:41', '2023-12-16 00:51:41'),
(29, 'Gorontalo', '2023-12-16 00:51:41', '2023-12-16 00:51:41'),
(30, 'Sulawesi Barat', '2023-12-16 00:51:41', '2023-12-16 00:51:41'),
(31, 'Maluku', '2023-12-16 00:51:41', '2023-12-16 00:51:41'),
(32, 'Maluku Utara', '2023-12-16 00:51:41', '2023-12-16 00:51:41'),
(33, 'Papua', '2023-12-16 00:51:41', '2023-12-16 00:51:41'),
(34, 'Papua Barat', '2023-12-16 00:51:41', '2023-12-16 00:51:41'),
(35, 'Papua Selatan', '2023-12-16 00:51:41', '2023-12-16 00:51:41'),
(36, 'Papua Tengah', '2023-12-16 00:51:41', '2023-12-16 00:51:41'),
(37, 'Papua Pegunungan', '2023-12-16 00:51:41', '2023-12-16 00:51:41'),
(38, 'Papua Barat Daya', '2023-12-16 00:51:41', '2023-12-16 00:51:41'),
(39, 'Nusantara', '2023-12-16 00:51:41', '2023-12-16 00:51:41');

-- --------------------------------------------------------

--
-- Table structure for table `users`
--

CREATE TABLE `users` (
  `id` bigint(20) UNSIGNED NOT NULL,
  `name` varchar(255) NOT NULL,
  `email` varchar(255) NOT NULL,
  `foto` varchar(255) NOT NULL,
  `email_verified_at` timestamp NULL DEFAULT NULL,
  `admin_verified_at` timestamp NULL DEFAULT NULL,
  `password` varchar(255) DEFAULT NULL,
  `role` enum('admin','mahasiswa') NOT NULL,
  `remember_token` varchar(100) DEFAULT NULL,
  `created_at` timestamp NULL DEFAULT NULL,
  `updated_at` timestamp NULL DEFAULT NULL
) ENGINE=InnoDB DEFAULT CHARSET=utf8mb4 COLLATE=utf8mb4_unicode_ci;

--
-- Dumping data for table `users`
--

INSERT INTO `users` (`id`, `name`, `email`, `foto`, `email_verified_at`, `admin_verified_at`, `password`, `role`, `remember_token`, `created_at`, `updated_at`) VALUES
(1, 'Admin', 'admin@gmail.com', 'foto-profil/OllOGHd8wnSa0ravGNvDdIzaNbtQRtGpULWPVznK.jpg', NULL, NULL, '$2y$12$/OGMUhB6loGgUQKkeFuGbOi3G1TWK5jRudGCpKTzlxOZ5g3p/eP1C', 'admin', NULL, '2023-12-16 00:51:43', '2023-12-16 02:31:26'),
(2, 'Reza Rizky R', 'reza@gmail.com', 'foto-profil/0cCbWMvh2AdDdPOd8JINTy1ZO1b9AogQfjUBLoBC.png', NULL, NULL, '$2y$12$8PCudj3tbWHZsqjps.HR1.FWLWEMrBApROHHWiQ.2dmaONiG91x4K', 'mahasiswa', NULL, '2023-12-16 00:54:14', '2023-12-16 00:54:14'),
(4, 'Reza Rizky R', 'reza12@gmail.com', 'foto-profil/eqstrvaVZiGuwJAqikL0n4FdN6OTSAneuiJshKtM.png', NULL, '2023-12-16 01:30:13', '$2y$12$.NUv2s9fUnySD4v.xz/2ZeHSZbswyKyU843mp.4KH4O8R5DYMODri', 'mahasiswa', NULL, '2023-12-16 00:58:31', '2023-12-16 01:30:13'),
(5, 'Indah Sayang Sari', 'indah@gmail.com', 'foto-profil/9BfHxtdbfHV6XU1Cc1ChDW6deqK5fo9PJox3Zsc4.png', NULL, NULL, '$2y$12$NCmzzXgPrHTJH8F.mQDkuevtCGU/RLh07g6AezMTGL1Gm9IoB5x12', 'mahasiswa', NULL, '2023-12-16 01:44:49', '2023-12-16 01:44:49');

--
-- Indexes for dumped tables
--

--
-- Indexes for table `failed_jobs`
--
ALTER TABLE `failed_jobs`
  ADD PRIMARY KEY (`id`),
  ADD UNIQUE KEY `failed_jobs_uuid_unique` (`uuid`);

--
-- Indexes for table `kabupaten`
--
ALTER TABLE `kabupaten`
  ADD PRIMARY KEY (`id`),
  ADD KEY `kabupaten_provinsi_id_foreign` (`provinsi_id`);

--
-- Indexes for table `mahasiswa`
--
ALTER TABLE `mahasiswa`
  ADD PRIMARY KEY (`id`),
  ADD KEY `mahasiswa_user_id_foreign` (`user_id`),
  ADD KEY `mahasiswa_kabupaten_id_foreign` (`kabupaten_id`);

--
-- Indexes for table `migrations`
--
ALTER TABLE `migrations`
  ADD PRIMARY KEY (`id`);

--
-- Indexes for table `password_reset_tokens`
--
ALTER TABLE `password_reset_tokens`
  ADD PRIMARY KEY (`email`);

--
-- Indexes for table `personal_access_tokens`
--
ALTER TABLE `personal_access_tokens`
  ADD PRIMARY KEY (`id`),
  ADD UNIQUE KEY `personal_access_tokens_token_unique` (`token`),
  ADD KEY `personal_access_tokens_tokenable_type_tokenable_id_index` (`tokenable_type`,`tokenable_id`);

--
-- Indexes for table `provinsi`
--
ALTER TABLE `provinsi`
  ADD PRIMARY KEY (`id`);

--
-- Indexes for table `users`
--
ALTER TABLE `users`
  ADD PRIMARY KEY (`id`),
  ADD UNIQUE KEY `users_email_unique` (`email`),
  ADD UNIQUE KEY `users_foto_unique` (`foto`);

--
-- AUTO_INCREMENT for dumped tables
--

--
-- AUTO_INCREMENT for table `failed_jobs`
--
ALTER TABLE `failed_jobs`
  MODIFY `id` bigint(20) UNSIGNED NOT NULL AUTO_INCREMENT;

--
-- AUTO_INCREMENT for table `kabupaten`
--
ALTER TABLE `kabupaten`
  MODIFY `id` bigint(20) UNSIGNED NOT NULL AUTO_INCREMENT, AUTO_INCREMENT=515;

--
-- AUTO_INCREMENT for table `mahasiswa`
--
ALTER TABLE `mahasiswa`
  MODIFY `id` bigint(20) UNSIGNED NOT NULL AUTO_INCREMENT, AUTO_INCREMENT=3;

--
-- AUTO_INCREMENT for table `migrations`
--
ALTER TABLE `migrations`
  MODIFY `id` int(10) UNSIGNED NOT NULL AUTO_INCREMENT, AUTO_INCREMENT=8;

--
-- AUTO_INCREMENT for table `personal_access_tokens`
--
ALTER TABLE `personal_access_tokens`
  MODIFY `id` bigint(20) UNSIGNED NOT NULL AUTO_INCREMENT;

--
-- AUTO_INCREMENT for table `provinsi`
--
ALTER TABLE `provinsi`
  MODIFY `id` bigint(20) UNSIGNED NOT NULL AUTO_INCREMENT, AUTO_INCREMENT=40;

--
-- AUTO_INCREMENT for table `users`
--
ALTER TABLE `users`
  MODIFY `id` bigint(20) UNSIGNED NOT NULL AUTO_INCREMENT, AUTO_INCREMENT=6;

--
-- Constraints for dumped tables
--

--
-- Constraints for table `kabupaten`
--
ALTER TABLE `kabupaten`
  ADD CONSTRAINT `kabupaten_provinsi_id_foreign` FOREIGN KEY (`provinsi_id`) REFERENCES `provinsi` (`id`) ON DELETE SET NULL ON UPDATE CASCADE;

--
-- Constraints for table `mahasiswa`
--
ALTER TABLE `mahasiswa`
  ADD CONSTRAINT `mahasiswa_kabupaten_id_foreign` FOREIGN KEY (`kabupaten_id`) REFERENCES `kabupaten` (`id`) ON DELETE SET NULL ON UPDATE CASCADE,
  ADD CONSTRAINT `mahasiswa_user_id_foreign` FOREIGN KEY (`user_id`) REFERENCES `users` (`id`) ON DELETE SET NULL ON UPDATE CASCADE;
COMMIT;

/*!40101 SET CHARACTER_SET_CLIENT=@OLD_CHARACTER_SET_CLIENT */;
/*!40101 SET CHARACTER_SET_RESULTS=@OLD_CHARACTER_SET_RESULTS */;
/*!40101 SET COLLATION_CONNECTION=@OLD_COLLATION_CONNECTION */;
